Symbol,Date,Open,High,Low,Close,Adj Close,Volume
JNJ,1/2/2020,145.869995,146.020004,145.080002,145.970001,139.521317,5777000
JNJ,1/3/2020,143.5,145.369995,143,144.279999,137.905975,5752400
JNJ,1/6/2020,144,144.199997,142.850006,144.100006,137.733963,7731300
JNJ,1/7/2020,144.009995,145.449997,141.380005,144.979996,138.575058,7382900
JNJ,1/8/2020,144.869995,145.979996,143.699997,144.960007,138.555954,6605800
JNJ,1/9/2020,145.759995,146.029999,144.990005,145.389999,138.966934,6112700
JNJ,1/10/2020,145.75,146.179993,144.899994,145.059998,138.65152,5042600
JNJ,1/13/2020,145.479996,145.789993,144.720001,145.699997,139.263245,4593200
JNJ,1/14/2020,145.050003,146.610001,144.729996,146.520004,140.047012,7037500
JNJ,1/15/2020,146.399994,147.399994,146.240005,147.009995,140.515396,4960300
JNJ,1/16/2020,147.419998,148.839996,146.199997,148.199997,141.652802,6476000
JNJ,1/17/2020,148.410004,149.410004,147.929993,149.169998,142.579956,9083600
JNJ,1/21/2020,148.580002,150.169998,148.5,149.270004,142.675568,9543900
JNJ,1/22/2020,146.699997,149.179993,146,148.25,141.700607,10305300
JNJ,1/23/2020,148.039993,148.770004,146.759995,148.529999,141.968231,8671900
JNJ,1/24/2020,148.580002,148.949997,147.929993,148.320007,141.767532,9051900
JNJ,1/27/2020,147.520004,149.460007,147,148.75,142.178513,7587100
JNJ,1/28/2020,148.460007,150.570007,148.149994,149.5,142.895386,7336600
JNJ,1/29/2020,149.449997,151.190002,149.130005,150.539993,143.889435,6288600
JNJ,1/30/2020,150.029999,150.509995,149.050003,150.360001,143.717407,6470600
JNJ,1/31/2020,149.75,150,148.639999,148.869995,142.293213,8651700
JNJ,2/3/2020,149.419998,150.490005,149.240005,150.169998,143.535782,5765200
JNJ,2/4/2020,151.490005,152.75,151.199997,151.600006,144.902603,6541400
JNJ,2/5/2020,151.720001,154.020004,151.309998,153.990005,147.187027,5979900
JNJ,2/6/2020,154.25,154.5,152.740005,153.529999,146.747345,6201200
JNJ,2/7/2020,153.339996,153.460007,151.550003,151.889999,145.179794,5700300
JNJ,2/10/2020,151.679993,151.910004,150.889999,151.860001,145.151108,4835600
JNJ,2/11/2020,152.289993,152.380005,151.539993,151.990005,145.275375,3715300
JNJ,2/12/2020,151.869995,152.149994,150.919998,151.089996,144.415131,5166800
JNJ,2/13/2020,150.160004,151.039993,149.880005,150.089996,143.459305,5480200
JNJ,2/14/2020,150.559998,150.639999,149.149994,150.130005,143.497559,5716300
JNJ,2/18/2020,150.470001,150.740005,149.059998,149.139999,142.551285,7230700
JNJ,2/19/2020,149.210007,149.759995,148.580002,148.940002,142.360138,6115200
JNJ,2/20/2020,148.610001,149.380005,147.399994,148.369995,141.815277,7464700
JNJ,2/21/2020,148.089996,150.240005,147.539993,149.929993,143.306396,7776800
JNJ,2/24/2020,146.5,149,145.25,145.910004,140.353302,10588900
JNJ,2/25/2020,145.990005,146.75,143.830002,144.649994,139.141281,10529000
JNJ,2/26/2020,145.350006,146.220001,143.589996,143.679993,138.208221,10093800
JNJ,2/27/2020,142.559998,144.770004,138.949997,139.119995,133.821884,12566700
JNJ,2/28/2020,135.360001,137.289993,130.820007,134.479996,129.358582,19820300
JNJ,3/2/2020,134.779999,140.130005,134.009995,140.020004,134.687607,11508200
JNJ,3/3/2020,140,140.990005,133.100006,135.589996,130.426285,13662500
JNJ,3/4/2020,137.679993,143.639999,137.139999,143.479996,138.015839,10560500
JNJ,3/5/2020,140.800003,142.679993,139.839996,142.009995,136.601822,11339200
JNJ,3/6/2020,138.479996,143.009995,137.410004,142.029999,136.621063,12239100
JNJ,3/9/2020,136.330002,139.679993,134.899994,136.440002,131.243942,13848600
JNJ,3/10/2020,139.970001,141.949997,134.229996,141.639999,136.245895,12698100
JNJ,3/11/2020,138.089996,138.75,131.5,131.800003,126.780647,17763400
JNJ,3/12/2020,127.309998,133.759995,124.5,125.410004,120.63401,21539200
JNJ,3/13/2020,129.320007,134.919998,124.650002,134.289993,129.175797,20084200
JNJ,3/16/2020,123.57,133.759995,122.43,127.129997,122.288498,18877900
JNJ,3/17/2020,128.550003,136.770004,127.809998,136.589996,131.388229,18911800
JNJ,3/18/2020,131.020004,135.669998,128.710007,134.960007,129.820328,17521100
JNJ,3/19/2020,134.990005,134.990005,126.150002,127.050003,122.211563,18482300
JNJ,3/20/2020,126.830002,127.440002,118.129997,119.889999,115.324219,19785100
JNJ,3/23/2020,117,118.559998,109.160004,111.139999,106.90744,20815200
JNJ,3/24/2020,118.760002,119.650002,113.860001,119.18,114.641258,17604800
JNJ,3/25/2020,118.910004,123.959999,116.699997,119.400002,114.852882,13986100
JNJ,3/26/2020,120.57,127.099998,120.379997,126.57,121.749832,15066800
JNJ,3/27/2020,121.650002,127.620003,120.580002,123.160004,118.469681,12133200
JNJ,3/30/2020,128.460007,133.990005,127.5,133.009995,127.944557,21754000
JNJ,3/31/2020,134.990005,135.710007,130.050003,131.130005,126.136185,15746100
JNJ,4/1/2020,127.699997,130.229996,125.5,128.809998,123.904518,12606100
JNJ,4/2/2020,129.119995,134,127.220001,133.149994,128.079239,11594500
JNJ,4/3/2020,132.380005,134.789993,131.580002,134.169998,129.060394,10071200
JNJ,4/6/2020,137.009995,140.970001,135.539993,139.759995,134.437515,14994400
JNJ,4/7/2020,139.860001,142.029999,137.259995,137.479996,132.244339,11567100
JNJ,4/8/2020,137.75,144.130005,137.300003,143.259995,137.804199,10758200
JNJ,4/9/2020,144.009995,145.419998,140.279999,141.229996,135.851532,11125400
JNJ,4/13/2020,140,141.490005,137.839996,139.770004,134.447128,8153200
JNJ,4/14/2020,145.419998,147.419998,144.050003,146.029999,140.468719,13838000
JNJ,4/15/2020,145.550003,147.910004,143.539993,147.660004,142.036652,11962300
JNJ,4/16/2020,148.309998,150.679993,146.440002,149.669998,143.970093,12181700
JNJ,4/17/2020,151.990005,152.300003,149.600006,152.020004,146.230621,10920000
JNJ,4/20/2020,150.929993,153,150.089996,151.669998,145.893951,12226200
JNJ,4/21/2020,150.119995,151.639999,148.570007,149.679993,143.979721,9951100
JNJ,4/22/2020,152.809998,155,151.729996,152.990005,147.163681,11515600
JNJ,4/23/2020,154.25,157,153.699997,155.509995,149.587692,10665000
JNJ,4/24/2020,155.570007,156.300003,153.639999,154.860001,148.962463,8653400
JNJ,4/27/2020,154.809998,156.050003,154,154.289993,148.414154,8924000
JNJ,4/28/2020,151.25,153.100006,150.699997,151.389999,145.624619,8558700
JNJ,4/29/2020,151.380005,151.630005,149.160004,150.240005,144.518402,9285200
JNJ,4/30/2020,148.460007,150.429993,147.160004,150.039993,144.326019,14829600
JNJ,5/1/2020,149.619995,149.669998,146.789993,148.289993,142.642654,7309000
JNJ,5/4/2020,148.770004,149.080002,147.089996,148.270004,142.623444,7198400
JNJ,5/5/2020,149,150.779999,148.639999,149.5,143.80658,6562300
JNJ,5/6/2020,150,150.320007,148.039993,148.080002,142.440674,6191600
JNJ,5/7/2020,149.369995,149.529999,147.130005,147.589996,141.969315,5570500
JNJ,5/8/2020,148.919998,149.179993,147.889999,148.699997,143.037048,4712100
JNJ,5/11/2020,148.449997,150.100006,148.119995,149.110001,143.431427,5887500
JNJ,5/12/2020,150.100006,150.339996,147.029999,147.139999,141.536469,7039200
JNJ,5/13/2020,146.080002,148.949997,146.009995,147.130005,141.52684,6970500
JNJ,5/14/2020,145.389999,147.759995,144.259995,147.639999,142.01741,6871400
JNJ,5/15/2020,147.869995,150.479996,145.660004,150.440002,144.710785,10340400
JNJ,5/18/2020,152.490005,153.619995,150.460007,150.520004,144.78772,7388400
JNJ,5/19/2020,150.100006,151.100006,148.399994,149.020004,143.344864,6107300
JNJ,5/20/2020,149.75,150.389999,147.270004,147.679993,142.055878,5713400
JNJ,5/21/2020,148.5,148.5,145.820007,146.710007,141.122849,6487300
JNJ,5/22/2020,144.570007,146.289993,144.059998,144.369995,139.834595,6140900
JNJ,5/26/2020,146.190002,146.440002,144.300003,144.559998,140.018631,7072300
JNJ,5/27/2020,144.320007,145.25,143.009995,144.889999,140.338272,7950000
JNJ,5/28/2020,146.020004,148.110001,145.809998,146.970001,142.352936,6189600
JNJ,5/29/2020,147.960007,149.350006,145.330002,148.75,144.077026,8504000
JNJ,6/1/2020,147.289993,148.339996,146.009995,147.190002,142.56601,6141800
JNJ,6/2/2020,147.059998,148.350006,146.119995,148.25,143.592743,6078300
JNJ,6/3/2020,148.520004,149.139999,146.449997,148.649994,143.980133,6339500
JNJ,6/4/2020,146.800003,148.369995,145.580002,146.729996,142.120468,8170500
JNJ,6/5/2020,147.690002,149.639999,146.600006,147.300003,142.672577,9725400
JNJ,6/8/2020,145.880005,147.610001,145.740005,146.770004,142.159241,7555600
JNJ,6/9/2020,148.25,149.330002,145.649994,145.960007,141.374664,8247200
JNJ,6/10/2020,146.600006,150.029999,146.600006,147.800003,143.156876,10137100
JNJ,6/11/2020,148.580002,149.169998,140.75,140.869995,136.444565,11913300
JNJ,6/12/2020,142.839996,143.710007,140.279999,142.149994,137.684326,8687400
JNJ,6/15/2020,141,142.399994,139.389999,141.25,136.812637,8649600
JNJ,6/16/2020,144.089996,145.419998,142.770004,144.460007,139.921783,7579100
JNJ,6/17/2020,144.899994,145.419998,143.470001,144.020004,139.495621,5100100
JNJ,6/18/2020,142.520004,144.119995,141.869995,143.410004,138.90477,4797400
JNJ,6/19/2020,145.789993,145.880005,143.25,143.830002,139.311569,12206900
JNJ,6/22/2020,143.470001,143.660004,142.029999,143.389999,138.885391,5285600
JNJ,6/23/2020,143.740005,144.080002,142.679993,142.860001,138.372055,5921600
JNJ,6/24/2020,141.490005,142.190002,138.720001,139.820007,135.427567,8211200
JNJ,6/25/2020,140.570007,140.570007,137.539993,139.669998,135.282242,7421200
JNJ,6/26/2020,139.529999,139.600006,137.020004,137.809998,133.480682,12849700
JNJ,6/29/2020,138.740005,139.699997,137.979996,139.039993,134.672043,5309800
JNJ,6/30/2020,139.399994,141.020004,137.839996,140.630005,136.212112,7738300
JNJ,7/1/2020,140.690002,141.389999,140.059998,140.380005,135.969971,6174800
JNJ,7/2/2020,141.25,141.839996,140.330002,140.970001,136.541428,5152200
JNJ,7/6/2020,142.169998,143.770004,141.880005,142.979996,138.488281,6156400
JNJ,7/7/2020,141.389999,143.970001,141.229996,142.850006,138.362366,5622600
JNJ,7/8/2020,142.869995,143.389999,141.699997,143.270004,138.769165,6257400
JNJ,7/9/2020,142.759995,144.429993,140.580002,142.490005,138.013687,5738600
JNJ,7/10/2020,142.75,142.869995,141.429993,142.369995,137.897446,4282400
JNJ,7/13/2020,143.610001,146.639999,143.279999,145.210007,140.648224,6951900
JNJ,7/14/2020,145.320007,148.389999,145.259995,147.919998,143.273087,7447100
JNJ,7/15/2020,149.729996,150.210007,148.229996,148.259995,143.602417,8512800
JNJ,7/16/2020,148.679993,149.339996,146.679993,149.25,144.56131,9304700
JNJ,7/17/2020,150,150.580002,148.690002,149.350006,144.658173,7441100
JNJ,7/20/2020,150.229996,150.320007,148.429993,149.600006,144.900314,6191500
JNJ,7/21/2020,149.600006,151.669998,149.5,149.740005,145.035919,5575900
JNJ,7/22/2020,149.929993,150.410004,147.850006,150.009995,145.29744,5910200
JNJ,7/23/2020,150.210007,150.850006,149.279999,149.610001,144.910004,6566300
JNJ,7/24/2020,150.5,150.600006,147.029999,148.119995,143.466812,5405900
JNJ,7/27/2020,147.369995,148.919998,146.860001,147.179993,142.55632,5675200
JNJ,7/28/2020,147.399994,147.990005,146.75,146.830002,142.217346,4842200
JNJ,7/29/2020,146.389999,147.470001,146.070007,146.539993,141.936432,4489100
JNJ,7/30/2020,147.440002,147.5,146.139999,146.839996,142.22702,5922500
JNJ,7/31/2020,146.660004,147.449997,143.960007,145.759995,141.180954,8259600
JNJ,8/3/2020,146.389999,147.789993,146.149994,147.350006,142.720993,4078700
JNJ,8/4/2020,146.990005,147.220001,145.820007,147.220001,142.595078,4162200
JNJ,8/5/2020,149.100006,149.309998,147.800003,148.399994,143.738007,5467500
JNJ,8/6/2020,148.399994,149.25,146.5,147.550003,142.914719,4837900
JNJ,8/7/2020,147.509995,148.649994,147.149994,148.600006,143.931747,3635100
JNJ,8/10/2020,148.860001,149.009995,147.720001,148.029999,143.379623,4096600
JNJ,8/11/2020,149.139999,149.229996,146.369995,146.970001,142.352936,6388400
JNJ,8/12/2020,147.539993,150.240005,147.490005,149.660004,144.95842,5257300
JNJ,8/13/2020,148.539993,149.190002,147.529999,148,143.350586,5155500
JNJ,8/14/2020,147.610001,149.339996,147.580002,148.240005,143.583038,4240200
JNJ,8/17/2020,148.320007,150.229996,148.229996,148.990005,144.309479,4306900
JNJ,8/18/2020,149.259995,150.100006,148.570007,150.089996,145.374908,4322600
JNJ,8/19/2020,149.580002,151.580002,149.320007,150.389999,145.665512,7816300
JNJ,8/20/2020,149.75,151.580002,149.550003,151.419998,146.663147,4874700
JNJ,8/21/2020,151.779999,153.649994,150.589996,152.759995,147.961029,6722800
JNJ,8/24/2020,152.740005,152.899994,150.350006,152.149994,148.351059,5387900
JNJ,8/25/2020,152.779999,153.070007,151.539993,152.059998,148.263306,3863500
JNJ,8/26/2020,151.860001,152.649994,150.639999,152.300003,148.497314,8008300
JNJ,8/27/2020,152.419998,153.259995,151.889999,152.979996,149.160339,5575400
JNJ,8/28/2020,152.740005,153.699997,151.899994,153.639999,149.803864,5395700
JNJ,8/31/2020,153,154.399994,152.259995,153.410004,149.579605,6362700
JNJ,9/1/2020,153.869995,154.080002,150.070007,151.520004,147.736801,6307700
JNJ,9/2/2020,150.789993,154.330002,149.25,153.830002,149.98912,6881900
JNJ,9/3/2020,154.830002,155.470001,148.300003,149.550003,145.815979,8672800
JNJ,9/4/2020,150.169998,150.949997,147.130005,148.589996,144.879944,7200100
JNJ,9/8/2020,150.25,150.889999,146.899994,147.259995,143.583145,8756800
JNJ,9/9/2020,148.149994,151.100006,148.119995,149.699997,145.962234,6960700
JNJ,9/10/2020,149.25,149.779999,146.520004,146.910004,143.241898,6191800
JNJ,9/11/2020,147.050003,148.529999,146.630005,147.779999,144.090179,3934700
JNJ,9/14/2020,148.119995,149.470001,148.009995,148.350006,144.645935,4375800
JNJ,9/15/2020,149.449997,150.589996,148.520004,148.889999,145.17247,3658800
JNJ,9/16/2020,149.389999,150.059998,148.350006,148.399994,144.694687,4323000
JNJ,9/17/2020,148.039993,148.630005,146.050003,147.169998,143.495392,5461400
JNJ,9/18/2020,146.509995,149.649994,146.199997,149.179993,145.4552,12174000
JNJ,9/21/2020,147.580002,147.929993,142.960007,145.100006,141.477097,7574500
JNJ,9/22/2020,144.690002,145.350006,143.720001,144.210007,140.609314,5295900
JNJ,9/23/2020,147.479996,147.550003,144.380005,144.440002,140.833572,8784400
JNJ,9/24/2020,144.559998,145.25,143.339996,144.669998,141.057816,5614800
JNJ,9/25/2020,144,146.25,143.889999,145.660004,142.023102,5531200
JNJ,9/28/2020,146.729996,148.289993,146.419998,147.110001,143.436905,5843200
JNJ,9/29/2020,147.600006,147.919998,146.059998,147.059998,143.388138,6768600
JNJ,9/30/2020,147.449997,149.729996,146.839996,148.880005,145.16272,8487700
JNJ,10/1/2020,149.309998,149.649994,146.460007,147.320007,143.641678,6457800
JNJ,10/2/2020,146.210007,148.410004,145.830002,146.240005,142.588623,5485600
JNJ,10/5/2020,147,148.380005,146.419998,148.229996,144.528931,4992800
JNJ,10/6/2020,148.279999,148.610001,145.869995,146.259995,142.608124,5118200
JNJ,10/7/2020,146.490005,148.229996,145.809998,147.880005,144.187683,5603100
JNJ,10/8/2020,148.5,149.850006,148.039993,148.889999,145.17247,4413500
JNJ,10/9/2020,149.649994,151.479996,149.449997,150.970001,147.200516,5054100
JNJ,10/12/2020,151.600006,153.139999,151.020004,151.839996,148.048813,7273200
JNJ,10/13/2020,149,150.119995,147.770004,148.360001,144.655685,11057600
JNJ,10/14/2020,148.820007,149.029999,147.389999,148.100006,144.402206,7706400
JNJ,10/15/2020,147.479996,147.899994,146.330002,147.190002,143.514893,5978600
JNJ,10/16/2020,147.600006,148.759995,147.009995,148.100006,144.402206,6097000
JNJ,10/19/2020,148.529999,148.899994,144.130005,144.320007,140.716583,7250800
JNJ,10/20/2020,144.660004,145.75,144.119995,144.550003,140.940826,5325400
JNJ,10/21/2020,144.119995,145.339996,143.910004,143.929993,140.336288,5221300
JNJ,10/22/2020,144.160004,145.690002,143.839996,145.080002,141.457581,5279700
JNJ,10/23/2020,145.880005,147.470001,144.350006,145.240005,141.613586,4154400
JNJ,10/26/2020,144.429993,144.770004,142.75,143.970001,140.375305,6929500
JNJ,10/27/2020,143.740005,144.289993,142.919998,143.149994,139.575775,4890100
JNJ,10/28/2020,141.429993,141.979996,138.179993,138.360001,134.905365,8426100
JNJ,10/29/2020,138,138.699997,136.050003,137.190002,133.764587,7205400
JNJ,10/30/2020,136.679993,137.539993,133.649994,137.110001,133.686584,7364100
JNJ,11/2/2020,138.979996,139.009995,137.490005,138.690002,135.227127,7088000
JNJ,11/3/2020,140.020004,140.960007,137.779999,138.5,135.041901,6363000
JNJ,11/4/2020,139.490005,142.539993,138.699997,139.399994,135.919403,10263500
JNJ,11/5/2020,140.550003,141.830002,139.259995,139.759995,136.270401,8016200
JNJ,11/6/2020,140.399994,143.190002,139.649994,142.25,138.698257,5942500
JNJ,11/9/2020,148.429993,148.990005,144.919998,146.080002,142.432617,12351600
JNJ,11/10/2020,147.25,148.75,146.259995,148.279999,144.577698,7386500
JNJ,11/11/2020,149.169998,149.199997,146.860001,147.800003,144.10968,6382400
JNJ,11/12/2020,147.610001,148.649994,146.75,148.300003,144.597198,4710300
JNJ,11/13/2020,149.089996,150.410004,148.410004,149.899994,146.157242,5893500
JNJ,11/16/2020,150.919998,151.300003,149.800003,150.850006,147.083527,6266400
JNJ,11/17/2020,150,150.630005,149.119995,149.350006,145.620972,7297700
JNJ,11/18/2020,148.869995,149.759995,147.369995,147.369995,143.690399,6661000
JNJ,11/19/2020,147.300003,147.460007,145.589996,147.139999,143.466141,7987700
JNJ,11/20/2020,147.050003,147.940002,146.130005,146.360001,142.705612,6354900
JNJ,11/23/2020,146.009995,146.009995,143.039993,143.869995,141.252548,7318300
JNJ,11/24/2020,144,144.759995,143.610001,143.869995,141.252548,11034800
JNJ,11/25/2020,144.059998,144.169998,142.860001,143.679993,141.06601,7594600
JNJ,11/27/2020,144.5,144.660004,143.220001,144,141.380188,3059000
JNJ,11/30/2020,144.229996,144.860001,143.059998,144.679993,142.047806,15663200
JNJ,12/1/2020,146.289993,149.130005,145.860001,147.449997,144.76741,9738200
JNJ,12/2/2020,147.850006,149.710007,147.699997,148.139999,145.444855,7745500
JNJ,12/3/2020,148.039993,149.580002,147.690002,149,146.289215,7310500
JNJ,12/4/2020,149.789993,150.309998,149.270004,150.270004,147.536102,6747100
JNJ,12/7/2020,149.350006,149.910004,148.509995,148.970001,146.259766,6634700
JNJ,12/8/2020,150,152.139999,149.550003,151.550003,148.792831,8339800
JNJ,12/9/2020,152.830002,153.5,151.759995,153.100006,150.314636,8440100
JNJ,12/10/2020,152.820007,152.979996,151.679993,152.25,149.480087,7392900
JNJ,12/11/2020,151.529999,153.410004,151.229996,152.949997,150.167343,5977400
JNJ,12/14/2020,153.25,153.479996,148.990005,149.070007,146.357956,8547300
JNJ,12/15/2020,150,150.75,149.529999,150.570007,147.830673,7612600
JNJ,12/16/2020,150.199997,150.919998,149.550003,149.669998,146.947021,8486100
JNJ,12/17/2020,150.089996,153.889999,149.960007,153.619995,150.825165,9920300
JNJ,12/18/2020,153.649994,155.100006,151.669998,154.509995,151.698959,17137200
JNJ,12/21/2020,152.009995,153.410004,150.050003,153.020004,150.236084,7893400
JNJ,12/22/2020,152.399994,153.899994,151.860001,152.720001,149.941544,4699500
JNJ,12/23/2020,152.800003,153.600006,151.899994,151.940002,149.175735,4607300
JNJ,12/24/2020,151.850006,153.039993,151.820007,152.470001,149.696091,2114900
JNJ,12/28/2020,153.320007,153.869995,152.300003,153.190002,150.403,3855500
JNJ,12/29/2020,154.110001,154.929993,153.800003,154.139999,151.335724,5212000
JNJ,12/30/2020,154.740005,156.380005,154.600006,156.050003,153.210968,5412800
JNJ,12/31/2020,156.529999,157.660004,155.110001,157.380005,154.516769,5099900
JNJ,1/4/2021,157.240005,157.380005,154.130005,156.5,153.652771,11765900
JNJ,1/5/2021,156.25,158.759995,155.070007,158.339996,155.459305,9602300
JNJ,1/6/2021,157.240005,160.229996,156.720001,159.830002,156.92218,8230100
JNJ,1/7/2021,159,161.029999,158.350006,160.369995,157.452362,7747200
JNJ,1/8/2021,160.509995,161.100006,159.880005,160.039993,157.128372,8228900
JNJ,1/11/2021,160.559998,161.320007,158.770004,159.369995,156.470551,7066200
JNJ,1/12/2021,159.149994,159.660004,157.330002,158.130005,155.253113,6903200
JNJ,1/13/2021,158.229996,158.460007,156.75,157.889999,155.017487,6643100
JNJ,1/14/2021,160.449997,161.949997,159.610001,160.649994,157.727264,10030800
JNJ,1/15/2021,160.300003,161.410004,159.110001,160.300003,157.383652,7630800
JNJ,1/19/2021,162,163.039993,161.100006,162.779999,159.818512,9057600
JNJ,1/20/2021,163.199997,164.139999,161.800003,162.380005,159.425797,6839900
JNJ,1/21/2021,161.320007,162.479996,160.059998,161.729996,158.787613,6818000
JNJ,1/22/2021,162.360001,165.160004,161.869995,163.550003,160.574509,8137000
JNJ,1/25/2021,165.009995,166.089996,163.660004,165.979996,162.960297,9924400
JNJ,1/26/2021,169.699997,173.649994,169.389999,170.479996,167.378418,14205700
JNJ,1/27/2021,169.119995,170.919998,167.449997,167.880005,164.825729,14207300
JNJ,1/28/2021,168.199997,170.860001,167.800003,169.160004,166.082458,8944400
JNJ,1/29/2021,164.259995,166,160.550003,163.130005,160.16217,22505900
JNJ,2/1/2021,165.309998,165.309998,162.600006,162.710007,159.749786,9971400
JNJ,2/2/2021,163.380005,163.660004,161.179993,161.25,158.316345,11443300
JNJ,2/3/2021,160.940002,161.520004,159.570007,160.5,157.580002,8601900
JNJ,2/4/2021,161,162.089996,159.759995,161.990005,159.042892,7758100
JNJ,2/5/2021,164.860001,165.440002,163.860001,164.449997,161.45813,9495300
JNJ,2/8/2021,165.029999,165.919998,163.880005,164.919998,161.919586,6035300
JNJ,2/9/2021,165.199997,166.589996,164.970001,166.270004,163.245026,5544200
JNJ,2/10/2021,167.889999,167.940002,165.699997,166.809998,163.775192,5921300
JNJ,2/11/2021,167,167.380005,165.600006,166.059998,163.038834,4871300
JNJ,2/12/2021,164.399994,166.850006,164,166.580002,163.549377,4413100
JNJ,2/16/2021,166.580002,167.050003,164.639999,165.070007,162.066864,5656100
JNJ,2/17/2021,164.970001,166.089996,164.360001,165.660004,162.646118,6676700
JNJ,2/18/2021,164.960007,166.160004,164.300003,165.740005,162.724686,5189100
JNJ,2/19/2021,165.600006,165.960007,162.910004,162.979996,160.014862,8190900
JNJ,2/22/2021,161.869995,162.539993,160.289993,161.869995,159.916077,6447100
JNJ,2/23/2021,161.479996,163.190002,160.399994,160.440002,158.503357,7042800
JNJ,2/24/2021,162.399994,164.389999,160.919998,162.589996,160.62738,10286100
JNJ,2/25/2021,163.130005,163.699997,161.990005,162.759995,160.795349,9719700
JNJ,2/26/2021,162,162.410004,157.970001,158.460007,156.547256,14417500
JNJ,3/1/2021,161.449997,161.529999,159.089996,159.320007,157.396866,10551400
JNJ,3/2/2021,159.779999,160.779999,158.600006,159.020004,157.10051,7610900
JNJ,3/3/2021,158.25,158.899994,156.059998,156.220001,154.334305,8499600
JNJ,3/4/2021,155.990005,156.100006,151.470001,153.070007,151.222321,11033200
JNJ,3/5/2021,153.979996,156.690002,153.130005,156.100006,154.215744,8331600
JNJ,3/8/2021,157,159.330002,155.979996,157.399994,155.500046,6546700
JNJ,3/9/2021,156.889999,160.75,156.889999,157.699997,155.796432,7461300
JNJ,3/10/2021,158.820007,159.899994,157.360001,159.149994,157.228912,6635600
JNJ,3/11/2021,159.539993,160.630005,158.919998,159.139999,157.21904,6305600
JNJ,3/12/2021,159.279999,160.309998,159.190002,159.600006,157.673492,5474800
JNJ,3/15/2021,159.75,160.660004,158.5,160.419998,158.483597,5524100
JNJ,3/16/2021,160.460007,161.679993,160.240005,161.369995,159.422119,6369100
JNJ,3/17/2021,160.830002,161.729996,159.529999,160.770004,158.829376,6001400
JNJ,3/18/2021,160.210007,161.490005,159.960007,160.470001,158.53299,4801800
JNJ,3/19/2021,160.690002,161.5,159.470001,160.039993,158.108185,14891500
JNJ,3/22/2021,158.309998,160.649994,158,160.5,158.562637,7544100
JNJ,3/23/2021,160.210007,161.199997,158.880005,160.350006,158.414444,7178300
JNJ,3/24/2021,160.100006,162.479996,159.820007,161.910004,159.955612,6370100
JNJ,3/25/2021,162.440002,162.449997,160.639999,161.970001,160.014877,6269800
JNJ,3/26/2021,162.089996,165.100006,161.380005,164.929993,162.939148,7619200
JNJ,3/29/2021,163.830002,167.029999,163.630005,166.039993,164.035751,8535100
JNJ,3/30/2021,165.020004,165.660004,164.229996,165.009995,163.018188,7236300
JNJ,3/31/2021,164.960007,165.389999,163.699997,164.350006,162.366165,8281500
JNJ,4/1/2021,162.600006,163.839996,162.259995,162.830002,160.864517,7229700
JNJ,4/5/2021,163.639999,164.75,162.660004,163.429993,161.457245,7387100
JNJ,4/6/2021,164.080002,164.520004,163,163.389999,161.41774,5074200
JNJ,4/7/2021,163.550003,164.279999,163.320007,163.610001,161.635086,4608000
JNJ,4/8/2021,164,164.110001,162.850006,162.970001,161.002808,5039400
JNJ,4/9/2021,162.119995,162.929993,159.779999,161.25,159.303574,8418300
JNJ,4/12/2021,161.089996,162.080002,160.339996,161.639999,159.688858,5022800
JNJ,4/13/2021,156.860001,159.929993,156.529999,159.479996,157.554932,18424100
JNJ,4/14/2021,157.830002,160.110001,157.539993,159.919998,157.989624,7718300
JNJ,4/15/2021,160.720001,162.389999,160.229996,160.389999,158.453949,7524600
JNJ,4/16/2021,161.339996,162.509995,160.559998,162.240005,160.281631,9049400
JNJ,4/19/2021,162.5,163.110001,160.839996,162.690002,160.726196,8353500
JNJ,4/20/2021,161,167.789993,161,166.479996,164.470428,14050700
JNJ,4/21/2021,166.369995,166.910004,165.289993,166.589996,164.579117,6333200
JNJ,4/22/2021,165.839996,166.279999,164.619995,165.179993,163.186127,7233000
JNJ,4/23/2021,164.529999,166.059998,164,165.520004,163.522034,6015300
JNJ,4/26/2021,165.210007,165.410004,163.759995,164.119995,162.138916,6027800
JNJ,4/27/2021,163.759995,163.910004,162.470001,163.179993,161.210266,6217700
JNJ,4/28/2021,162.860001,163.199997,161.649994,161.979996,160.024765,7448000
JNJ,4/29/2021,161.899994,164.259995,161.809998,164.199997,162.217957,6394300
JNJ,4/30/2021,164.149994,164.330002,162.520004,162.729996,160.765701,9079100
JNJ,5/3/2021,163.600006,165.320007,163.119995,165.210007,163.215775,6594100
JNJ,5/4/2021,164.830002,167.850006,164.669998,167.770004,165.744873,10179500
JNJ,5/5/2021,167.5,168.399994,166.789993,167.070007,165.053329,7792300
JNJ,5/6/2021,166.789993,167.889999,166.240005,167.740005,165.71524,5529900
JNJ,5/7/2021,168.300003,169.179993,167.830002,168.5,166.466049,5316200
JNJ,5/10/2021,169.899994,171.529999,169.229996,170.270004,168.214691,8357500
JNJ,5/11/2021,170.649994,170.869995,168.279999,168.880005,166.841476,8217900
JNJ,5/12/2021,168.539993,169.800003,167.949997,168.199997,166.169678,6758300
JNJ,5/13/2021,166.970001,170.699997,166.970001,169.960007,167.908432,8018600
JNJ,5/14/2021,171.479996,171.610001,170.169998,170.220001,168.165298,5797700
JNJ,5/17/2021,170.399994,171.889999,170.309998,170.389999,168.333252,5722600
JNJ,5/18/2021,169.979996,171.369995,169.529999,170.449997,168.392532,5846000
JNJ,5/19/2021,169.910004,170.160004,168.039993,170.080002,168.026993,5533800
JNJ,5/20/2021,169.940002,171.589996,169.690002,171.070007,169.005051,4853200
JNJ,5/21/2021,171.330002,172.740005,170.869995,170.960007,168.896378,6501800
JNJ,5/24/2021,170.899994,171.350006,169.770004,170.550003,169.542526,5195100
JNJ,5/25/2021,170.669998,171.029999,169.740005,170.080002,169.075302,7444700
JNJ,5/26/2021,170,170.080002,168.279999,169.070007,168.071274,5726400
JNJ,5/27/2021,169.259995,170.169998,168.380005,168.809998,167.81279,8114700
JNJ,5/28/2021,169.520004,171.009995,169.169998,169.25,168.250198,6400800
JNJ,6/1/2021,170.149994,170.199997,165.380005,165.529999,164.55217,10448400
JNJ,6/2/2021,165.300003,166.729996,165.110001,166.199997,165.218216,6806000
JNJ,6/3/2021,165.889999,167.149994,165.710007,166.039993,165.059158,5808800
JNJ,6/4/2021,167.009995,167.570007,165.869995,165.970001,164.989578,6510300
JNJ,6/7/2021,166,166.320007,164.630005,164.839996,163.866241,5362800
JNJ,6/8/2021,165.279999,165.660004,162.070007,163.389999,162.42482,7746800
JNJ,6/9/2021,163.990005,165.779999,163.660004,165.589996,164.611816,5552600
JNJ,6/10/2021,166,167.580002,165.949997,167.080002,166.093018,6463100
JNJ,6/11/2021,167.070007,167.080002,164.220001,164.960007,163.98555,7389900
JNJ,6/14/2021,164.5,165.460007,163.899994,165.369995,164.393112,4931300
JNJ,6/15/2021,165.229996,165.860001,164.389999,164.490005,163.518326,5062900
JNJ,6/16/2021,164.800003,165.75,163.479996,164.429993,163.458664,6988500
JNJ,6/17/2021,164.190002,165.699997,163.5,165.220001,164.244003,5874700
JNJ,6/18/2021,163.270004,164.190002,161.789993,161.979996,161.023148,12993000
JNJ,6/21/2021,162.770004,164.259995,162.25,163.839996,162.872162,6592300
JNJ,6/22/2021,163.710007,164.039993,163.279999,163.619995,162.653458,5627800
JNJ,6/23/2021,163.690002,163.690002,162.479996,162.630005,161.669312,4493400
JNJ,6/24/2021,163.270004,164.199997,162.800003,163.369995,162.404922,4549200
JNJ,6/25/2021,162.940002,164.779999,162.889999,164.210007,163.239975,10963800
JNJ,6/28/2021,164.440002,165.070007,163.520004,164.020004,163.051102,5604000
JNJ,6/29/2021,164,164.639999,163.410004,164.029999,163.061035,3749500
JNJ,6/30/2021,164,164.970001,163.669998,164.740005,163.766846,6151700
JNJ,7/1/2021,164.740005,166.009995,164.630005,165.960007,164.979645,6320200
JNJ,7/2/2021,166.020004,169.300003,165.639999,168.979996,167.981796,9059900
JNJ,7/6/2021,167.910004,168.860001,166.990005,167.970001,166.977768,6098500
JNJ,7/7/2021,167.479996,169.5,167.479996,169.410004,168.409256,6293500
JNJ,7/8/2021,168.699997,169.460007,167.580002,169.080002,168.081207,5755500
JNJ,7/9/2021,169.369995,170.369995,169.240005,169.75,168.747253,6120900
JNJ,7/12/2021,169.729996,171.179993,168.539993,169.479996,168.478836,7840500
JNJ,7/13/2021,168.970001,169.759995,168.669998,169.270004,168.270081,4691200
JNJ,7/14/2021,170,170.830002,169.039993,170.419998,169.413284,6162900
JNJ,7/15/2021,169.300003,169.899994,167.720001,168.369995,167.375397,6656900
JNJ,7/16/2021,168.339996,169.089996,167.949997,168.100006,167.106995,5834900
JNJ,7/19/2021,166.479996,168.190002,165.320007,166.880005,165.894211,8219700
JNJ,7/20/2021,166.899994,170.809998,166.839996,168.449997,167.454926,9902800
JNJ,7/21/2021,169.300003,169.690002,167.479996,169.490005,168.488785,7585200
JNJ,7/22/2021,169.360001,171.070007,168.649994,169.979996,168.975891,5281900
JNJ,7/23/2021,171,172.179993,170.380005,171.789993,170.775192,5014900
JNJ,7/26/2021,171.820007,172.139999,170.860001,171.869995,170.854721,4484900
JNJ,7/27/2021,171.800003,172.720001,170.669998,172.660004,171.64006,7089300
JNJ,7/28/2021,172.729996,173.380005,172.080002,172.179993,171.162888,5750700
JNJ,7/29/2021,172.740005,173.339996,171.089996,172.179993,171.162888,4214100
JNJ,7/30/2021,172.539993,172.979996,171.839996,172.199997,171.18277,5346400
JNJ,8/2/2021,172.470001,172.839996,171.300003,172.270004,171.252365,3721500
JNJ,8/3/2021,172.729996,174.5,172.440002,174.389999,173.359833,6033000
JNJ,8/4/2021,174.199997,174.589996,173.259995,173.360001,172.335922,4793100
JNJ,8/5/2021,173.850006,173.850006,172.419998,173.690002,172.663971,4291000
JNJ,8/6/2021,173.940002,173.940002,172.449997,173.110001,172.087402,4580600
JNJ,8/9/2021,173.720001,174.25,172.929993,173.710007,172.683853,3950200
JNJ,8/10/2021,173.259995,174.110001,172.779999,173.770004,172.7435,3678300
JNJ,8/11/2021,174.25,174.470001,173.559998,173.800003,172.773331,4221300
JNJ,8/12/2021,173.820007,175.289993,173.589996,175.199997,174.165054,4300400
JNJ,8/13/2021,175.289993,176.289993,175.119995,176.25,175.208847,5881600
JNJ,8/16/2021,176.550003,177.889999,175.949997,177.839996,176.789459,4782800
JNJ,8/17/2021,177.309998,179.509995,177.309998,179.470001,178.409836,6041900
JNJ,8/18/2021,179.5,179.5,177.130005,177.190002,176.143295,7134100
JNJ,8/19/2021,176.619995,179.330002,176.070007,178.570007,177.515152,5615000
JNJ,8/20/2021,178.889999,179.919998,178.070007,179.440002,178.380005,5425300
JNJ,8/23/2021,178.389999,178.929993,177.539993,177.610001,177.610001,6461700
JNJ,8/24/2021,176.990005,177.210007,175.279999,175.389999,175.389999,5734800
JNJ,8/25/2021,175.690002,175.899994,173.889999,174.229996,174.229996,5700300
JNJ,8/26/2021,173.949997,174.720001,173.050003,173.300003,173.300003,5031600
JNJ,8/27/2021,174.279999,174.279999,172.75,172.929993,172.929993,7044400
JNJ,8/30/2021,172.789993,174.279999,172.779999,173.660004,173.660004,3252700
JNJ,8/31/2021,173.490005,174.490005,172.479996,173.130005,173.130005,7106800
JNJ,9/1/2021,172.899994,173.740005,172.059998,173.740005,173.740005,5327400
JNJ,9/2/2021,174.339996,175.190002,173.910004,174.929993,174.929993,4544300
JNJ,9/3/2021,175.100006,175.220001,173.809998,175.039993,175.039993,4096900
JNJ,9/7/2021,174.350006,175.029999,171.669998,172.320007,172.320007,6859900
JNJ,9/8/2021,171.619995,172.979996,171.080002,171.899994,171.899994,4661700
JNJ,9/9/2021,171.190002,171.479996,167.699997,168.070007,168.070007,7114600
JNJ,9/10/2021,168.550003,169.089996,166.869995,166.970001,166.970001,6696100
JNJ,9/13/2021,167.919998,168.119995,165.130005,165.800003,165.800003,6273500
JNJ,9/14/2021,166.399994,166.539993,164.509995,164.800003,164.800003,5259600
JNJ,9/15/2021,165,165.960007,164.309998,165.419998,165.419998,7935300
JNJ,9/16/2021,165.649994,166.460007,164.190002,165.220001,165.220001,5665400
JNJ,9/17/2021,164.300003,164.910004,163.559998,164.75,164.75,13419800
JNJ,9/20/2021,163.479996,165.169998,162.169998,163.809998,163.809998,7270800
JNJ,9/21/2021,164.610001,165.979996,164.240005,164.529999,164.529999,6663600
JNJ,9/22/2021,165.350006,165.949997,163.630005,163.929993,163.929993,5657100
JNJ,9/23/2021,164.399994,165.770004,164.149994,164.860001,164.860001,4697900
JNJ,9/24/2021,164.75,165.649994,163.889999,164.360001,164.360001,4399300
JNJ,9/27/2021,164,164.360001,162.850006,163.169998,163.169998,5775500
JNJ,9/28/2021,163.100006,163.910004,161.770004,162.809998,162.809998,7610400
JNJ,9/29/2021,163,164.660004,162.779999,164.020004,164.020004,5124100
JNJ,9/30/2021,164.639999,165.399994,161.410004,161.5,161.5,6972300
JNJ,10/1/2021,161.529999,161.899994,158.619995,160.470001,160.470001,8568300
JNJ,10/4/2021,159.990005,161,157.669998,159.220001,159.220001,8620700
JNJ,10/5/2021,159.860001,161.110001,159.149994,159.580002,159.580002,5129000
JNJ,10/6/2021,159.869995,159.949997,157.839996,159.910004,159.910004,7312600
JNJ,10/7/2021,160.020004,162.610001,160.020004,161.339996,161.339996,5309200
JNJ,10/8/2021,161.320007,161.610001,160.25,160.929993,160.929993,4343200
JNJ,10/11/2021,160.860001,161.850006,159.940002,160.25,160.25,4101600
JNJ,10/12/2021,160,160.179993,157.339996,157.690002,157.690002,6686400
JNJ,10/13/2021,157.820007,160.080002,157.75,159.199997,159.199997,6901100
JNJ,10/14/2021,159.710007,161.139999,159.600006,160.110001,160.110001,4579200
JNJ,10/15/2021,161.029999,161.809998,160.410004,161.300003,161.300003,6912500
JNJ,10/18/2021,160.25,160.889999,159.199997,160.119995,160.119995,7465500
JNJ,10/19/2021,160.899994,165.149994,160.729996,163.869995,163.869995,10081300
JNJ,10/20/2021,163.979996,164.75,163.259995,163.779999,163.779999,6003200
JNJ,10/21/2021,164.300003,164.389999,162.279999,163.399994,163.399994,4522100
PFE,1/2/2020,37.28653,37.333965,36.888046,37.134724,34.635296,16514072
PFE,1/3/2020,36.736244,37.229603,36.688805,36.935486,34.449471,14922848
PFE,1/6/2020,36.83112,37.0019,36.71727,36.888046,34.405216,15771951
PFE,1/7/2020,37.115749,37.125237,36.698292,36.764706,34.29018,20108107
PFE,1/8/2020,36.774193,37.210625,36.764706,37.058823,34.564507,16403507
PFE,1/9/2020,37.258064,37.258064,36.802658,36.897533,34.414063,21971895
PFE,1/10/2020,36.982922,37.599621,36.973434,37.466793,34.945011,21557357
PFE,1/13/2020,37.590134,37.732449,37.201138,37.390892,34.874226,15392405
PFE,1/14/2020,37.409866,38.026566,37.28653,38.017078,35.458263,20919160
PFE,1/15/2020,38.130932,38.776093,38.111954,38.586338,35.989208,23925800
PFE,1/16/2020,38.700191,38.709679,38.254269,38.529411,35.936111,16216422
PFE,1/17/2020,38.491463,38.719166,38.349148,38.434536,35.847618,23083970
PFE,1/21/2020,38.311195,38.576851,38.130932,38.273247,35.697189,23115696
PFE,1/22/2020,38.254269,38.339657,37.922199,38.130932,35.564453,18097812
PFE,1/23/2020,38.130932,38.73814,38.074005,38.624287,36.024601,27148510
PFE,1/24/2020,38.842506,38.870968,37.609108,37.779884,35.237034,34143698
PFE,1/27/2020,37.390892,38.358635,37.23909,38.102467,35.537899,31964026
PFE,1/28/2020,37.305504,37.466793,36.005692,36.185959,33.750397,70202408
PFE,1/29/2020,36.166985,36.413662,35.626186,35.654648,33.254841,34165726
PFE,1/30/2020,35.199242,35.265656,34.810246,35.170776,33.138622,32316589
PFE,1/31/2020,35.04744,35.531307,35.009487,35.332069,33.290596,33894005
PFE,2/3/2020,35.540798,36.091084,35.388992,35.588234,33.53196,20875735
PFE,2/4/2020,36.129032,36.280834,35.702087,35.759014,33.692875,31150865
PFE,2/5/2020,35.910816,36.593929,35.882355,36.21442,34.121971,29443490
PFE,2/6/2020,36.470589,36.527515,36.081593,36.299809,34.202423,21047748
PFE,2/7/2020,36.394688,36.432636,35.986717,36.100571,34.014698,21903596
PFE,2/10/2020,36.252373,36.26186,35.787476,35.872864,33.800148,19998385
PFE,2/11/2020,35.948769,36.176472,35.825428,36.138519,34.050449,16027335
PFE,2/12/2020,36.138519,36.233398,35.787476,35.806454,33.737576,22944315
PFE,2/13/2020,35.654648,35.654648,35,35.037952,33.013474,22099745
PFE,2/14/2020,35.075901,35.142315,34.554081,34.639469,32.63802,21006747
PFE,2/18/2020,34.677418,34.791271,34.411766,34.459202,32.468163,17988513
PFE,2/19/2020,34.535103,34.629982,34.354839,34.373814,32.387711,17750941
PFE,2/20/2020,33.880455,34.212524,33.595825,34.013283,32.048008,42953135
PFE,2/21/2020,33.927895,33.984821,33.709679,33.889942,31.931797,32425256
PFE,2/24/2020,33.244781,33.586338,32.827324,32.893738,30.993153,37969296
PFE,2/25/2020,32.903225,32.960152,31.982922,32.19165,30.331633,41878898
PFE,2/26/2020,32.485767,33.406071,32.277039,32.941177,31.037851,47920005
PFE,2/27/2020,32.675522,33.880455,32.35294,32.35294,30.483603,55444827
PFE,2/28/2020,31.774195,32.201138,30.863379,31.707781,29.875719,66057447
PFE,3/2/2020,32.172676,33.159393,31.736242,33.092979,31.180883,42034469
PFE,3/3/2020,33.377609,33.946869,32.125237,32.542694,30.66239,46174475
PFE,3/4/2020,33.301708,34.59203,33.159393,34.535103,32.539684,38712155
PFE,3/5/2020,33.823528,34.326378,33.358635,33.643265,31.699369,35096303
PFE,3/6/2020,32.922199,33.368122,32.371918,33.225807,31.306036,40931036
PFE,3/9/2020,31.745731,32.912712,31.461102,32.030361,30.179661,43183856
PFE,3/10/2020,32.798862,32.884251,31.318787,32.817837,30.921638,40548329
PFE,3/11/2020,32.030361,32.144215,30.037951,30.521822,28.758286,65350213
PFE,3/12/2020,28.918406,30.360531,28.462997,28.481974,26.8363,62731445
PFE,3/13/2020,29.667933,31.195446,28.681213,31.034157,29.241018,60553038
PFE,3/16/2020,28.406073,30.626186,28.13093,28.633776,26.979328,50995050
PFE,3/17/2020,30.018974,30.97723,29.02277,30.512335,28.749348,54220606
PFE,3/18/2020,29.193548,30.93928,28.757116,30.702087,28.928133,43884976
PFE,3/19/2020,30.56926,30.597723,28.472486,28.861481,27.193878,59820929
PFE,3/20/2020,28.728653,29.098673,27.428843,27.52372,25.933413,52488989
PFE,3/23/2020,27.286528,28.064516,26.451612,27.030361,25.468561,52853041
PFE,3/24/2020,27.998102,28.510435,27.419355,28.178368,26.550236,44466784
PFE,3/25/2020,27.988615,29.146111,27.514231,28.225805,26.594931,44601275
PFE,3/26/2020,28.358635,30.351044,28.349146,30.123341,28.38283,43269967
PFE,3/27/2020,29.222012,30.113852,29.089184,29.316889,27.622972,38290344
PFE,3/30/2020,29.459204,31.166983,29.459204,30.996204,29.205257,29943508
PFE,3/31/2020,30.740038,31.309298,30.588236,30.967743,29.178438,29466151
PFE,4/1/2020,30.28463,30.626186,29.914612,30.123341,28.38283,26709625
PFE,4/2/2020,30.265656,31.309298,30.123341,31.185959,29.38405,27186876
PFE,4/3/2020,30.958254,32.153702,30.958254,31.91651,30.07239,32837370
PFE,4/6/2020,32.182163,33.111954,32.049335,32.798862,30.903759,40503217
PFE,4/7/2020,33.206833,33.368122,31.86907,31.888046,30.04557,24226295
PFE,4/8/2020,32.248577,33.017078,31.726755,32.827324,30.930576,25523980
PFE,4/9/2020,33.235294,33.937382,33.064514,33.576851,31.636795,30648107
PFE,4/13/2020,34.117645,34.136623,32.941177,33.339657,31.413309,18270141
PFE,4/14/2020,34.089184,34.753323,33.529411,34.573055,32.575443,21845309
PFE,4/15/2020,34.212524,34.373814,33.757114,34.127136,32.155285,21312196
PFE,4/16/2020,34.269451,34.402279,33.757114,34.041744,32.074829,20657451
PFE,4/17/2020,34.629982,35.104362,34.25996,35.018974,32.99559,24404843
PFE,4/20/2020,34.516129,35.018974,34.231499,34.231499,32.25362,22530620
PFE,4/21/2020,33.946869,34.089184,33.557877,33.795067,31.842403,23975233
PFE,4/22/2020,35.066414,35.104362,34.269451,34.392788,32.405586,20182624
PFE,4/23/2020,34.421253,35.483871,34.421253,34.810246,32.798923,20185365
PFE,4/24/2020,34.95256,35.512333,34.895638,35.464897,33.415749,17353794
PFE,4/27/2020,35.664139,36.565464,35.645161,36.366222,34.264996,23394057
PFE,4/28/2020,37.049335,37.210625,35.464897,35.967743,33.889545,35666728
PFE,4/29/2020,36.489563,36.574951,35.777988,36.166985,34.077274,26518535
PFE,4/30/2020,36.053131,36.537003,35.445919,36.394688,34.291817,29450973
PFE,5/1/2020,35.910816,35.996204,35.474384,35.711575,33.648182,22679867
PFE,5/4/2020,35.673622,35.97723,35.493359,35.6926,33.630295,19893512
PFE,5/5/2020,36.821632,36.869068,36.309299,36.537003,34.425915,24123952
PFE,5/6/2020,36.973434,37.011387,36.537003,36.537003,34.425915,24047432
PFE,5/7/2020,36.442123,36.518028,35,35.066414,33.369568,33546080
PFE,5/8/2020,35.341557,35.464897,35.142315,35.313091,33.604313,19893618
PFE,5/11/2020,35.341557,36.252373,35.256168,36.148006,34.398827,25620421
PFE,5/12/2020,36.166985,36.280834,35.426945,35.445919,33.730713,19335314
PFE,5/13/2020,35.398483,35.502846,34.71537,35.151802,33.450825,24596882
PFE,5/14/2020,34.914612,36.015179,34.895638,35.97723,34.236309,22362507
PFE,5/15/2020,36.015179,36.21442,35.474384,35.825428,34.091854,25460002
PFE,5/18/2020,36.375713,36.489563,35.702087,36.119545,34.371746,22635177
PFE,5/19/2020,35.910816,36.072105,35.398483,35.749527,34.019627,19476234
PFE,5/20/2020,36.005692,36.242886,35.626186,35.702087,33.974483,17504200
PFE,5/21/2020,35.645161,35.721062,35.151802,35.351044,33.640427,17652181
PFE,5/22/2020,35.208729,35.607212,35.066414,35.578747,33.857113,15781226
PFE,5/26/2020,35.721062,35.92979,35.531307,35.56926,33.84808,23260094
PFE,5/27/2020,35.493359,35.616699,35.075901,35.493359,33.775852,25904158
PFE,5/28/2020,35.901329,36.470589,35.787476,36.223907,34.47105,22521767
PFE,5/29/2020,36.309299,36.461102,35.654648,36.233398,34.480087,48333067
PFE,6/1/2020,33.681213,33.899429,33.121441,33.643265,32.015285,76884979
PFE,6/2/2020,33.709679,34.3074,33.444023,34.3074,32.647282,42690900
PFE,6/3/2020,34.43074,34.544594,33.719166,34.3074,32.647282,38751996
PFE,6/4/2020,33.880455,34.43074,33.870968,34.165085,32.511852,27013388
PFE,6/5/2020,34.383301,34.620495,34.041744,34.146111,32.493793,36705655
PFE,6/8/2020,33.965843,34.724857,33.851994,34.71537,33.035515,30194149
PFE,6/9/2020,34.629982,34.781784,34.316887,34.354839,32.692425,21675088
PFE,6/10/2020,34.497154,34.582542,34.051231,34.079697,32.430599,29557217
PFE,6/11/2020,33.776093,33.851994,31.574953,31.593927,30.065115,63166642
PFE,6/12/2020,32.333965,32.35294,31.356735,32.020874,30.471401,37902472
PFE,6/15/2020,31.593927,31.992411,31.081594,31.650854,30.119286,36247482
PFE,6/16/2020,31.86907,32.220116,31.043644,31.688805,30.155399,55616945
PFE,6/17/2020,31.86907,32.039848,31.612904,31.840607,30.299858,27509822
PFE,6/18/2020,31.565466,31.755219,31.290323,31.537003,30.010944,32278855
PFE,6/19/2020,31.963947,32.011387,31.423149,31.707781,30.17346,43986266
PFE,6/22/2020,31.622391,31.650854,31.223909,31.413662,29.89357,23332503
PFE,6/23/2020,31.49905,31.54649,31.062618,31.091082,29.586601,37690408
PFE,6/24/2020,31.034157,31.053131,30.360531,30.540796,29.062943,30817695
PFE,6/25/2020,30.464895,30.721064,30.199242,30.664137,29.180315,27418651
PFE,6/26/2020,30.597723,30.626186,29.990513,30.398481,28.927515,42153992
PFE,6/29/2020,30.796965,30.996204,30.550285,30.967743,29.469231,23956261
PFE,6/30/2020,30.863379,31.195446,30.578749,31.024668,29.523399,25451676
PFE,7/1/2020,32.770397,32.770397,31.992411,32.011387,30.46237,73503009
PFE,7/2/2020,32.846298,33.064514,32.296017,32.741936,31.157572,45270881
PFE,7/6/2020,33.159393,33.197342,32.618595,32.741936,31.157572,27150935
PFE,7/7/2020,32.305504,32.590134,32.220116,32.28653,30.724203,25148018
PFE,7/8/2020,32.267551,32.609108,31.850096,32.020874,30.471401,24256545
PFE,7/9/2020,32.0019,32.144215,31.404175,31.745731,30.209572,20363702
PFE,7/10/2020,31.935484,32.296017,31.774195,32.096775,30.543631,24459019
PFE,7/13/2020,32.950665,33.889942,32.751423,33.406071,31.789568,56569129
PFE,7/14/2020,33.557877,33.605312,33.092979,33.425049,31.807632,32854129
PFE,7/15/2020,34.146111,34.155598,33.652752,33.889942,32.250027,26294454
PFE,7/16/2020,33.776093,33.814041,33.45351,33.776093,32.141685,18421812
PFE,7/17/2020,34.02277,34.468693,33.899429,34.392788,32.728539,23347365
PFE,7/20/2020,35.56926,35.6926,34.459202,34.629982,32.95425,36815693
PFE,7/21/2020,35.04744,35.180267,34.648956,34.810246,33.125793,23588520
PFE,7/22/2020,36.271347,36.745731,35.597721,36.584438,34.814137,90705554
PFE,7/23/2020,37.220116,37.400379,36.223907,36.442123,34.678711,59639536
PFE,7/24/2020,36.081593,36.195446,35.417458,35.730549,34.001568,33870501
PFE,7/27/2020,35.445919,35.815941,35.322582,35.616699,33.893227,27640307
PFE,7/28/2020,36.565464,37.324478,36.110058,37.020874,35.22945,56393954
PFE,7/29/2020,37.28653,37.428844,36.480076,37.248577,35.44614,37033660
PFE,7/30/2020,36.318787,36.944973,36.242886,36.755219,35.318504,32273796
PFE,7/31/2020,36.318787,36.764706,35.920303,36.508537,35.081463,28472124
PFE,8/3/2020,36.631878,36.679317,36.26186,36.385201,34.962952,31036400
PFE,8/4/2020,36.347248,36.698292,36.138519,36.423149,34.999413,29448549
PFE,8/5/2020,36.49905,36.555977,36.176472,36.480076,35.054115,24292697
PFE,8/6/2020,36.78368,37.096775,36.195446,36.309299,34.890015,20922111
PFE,8/7/2020,36.337761,36.641365,36.204933,36.480076,35.054115,23097251
PFE,8/10/2020,36.574951,36.679317,36.299809,36.423149,34.999413,19964552
PFE,8/11/2020,36.584438,36.603416,35.74004,35.853889,34.4524,21326847
PFE,8/12/2020,35.891842,36.574951,35.872864,36.366222,34.944714,19957595
PFE,8/13/2020,36.119545,36.223907,35.939278,36.21442,34.798843,15340021
PFE,8/14/2020,36.062618,36.423149,35.986717,36.110058,34.698563,12901276
PFE,8/17/2020,36.091084,36.442123,36.005692,36.385201,34.962952,17494187
PFE,8/18/2020,36.480076,36.489563,36.21442,36.394688,34.972061,10846398
PFE,8/19/2020,36.508537,36.631878,36.166985,36.299809,34.880898,15690055
PFE,8/20/2020,36.223907,36.802658,36.176472,36.736244,35.30027,21957455
PFE,8/21/2020,36.916508,37.0019,36.593929,36.888046,35.44614,25467170
PFE,8/24/2020,37.020874,37.039848,36.565464,36.850094,35.409672,25011947
PFE,8/25/2020,36.537003,36.584438,36.005692,36.442123,35.017647,26221201
PFE,8/26/2020,36.233398,36.309299,35.730549,36.100571,34.689445,24083689
PFE,8/27/2020,36.015179,36.053131,35.749527,35.920303,34.516224,22156556
PFE,8/28/2020,35.92979,36.110058,35.483871,35.967743,34.561813,32830519
PFE,8/31/2020,35.901329,36.072105,35.578747,35.853889,34.4524,30032465
PFE,9/1/2020,35.853889,35.882355,34.639469,34.990513,33.622776,36145560
PFE,9/2/2020,34.886147,35.388992,34.535103,35.294117,33.914516,29068688
PFE,9/3/2020,35.455406,35.56926,34.250473,34.535103,33.185173,35956788
PFE,9/4/2020,34.620495,34.753323,34.032257,34.497154,33.148705,26872257
PFE,9/8/2020,34.658443,34.734344,33.851994,34.089184,32.75668,26736818
PFE,9/9/2020,34.43074,34.772297,34.288425,34.326378,32.984608,27490533
PFE,9/10/2020,34.345352,34.459202,33.757114,33.823528,32.501408,21650741
PFE,9/11/2020,33.908916,34.25996,33.633778,34.222012,32.884315,24109301
PFE,9/14/2020,34.497154,35.616699,34.421253,35.113853,33.741295,29565543
PFE,9/15/2020,35.28463,35.436432,34.924099,35.066414,33.695713,22003726
PFE,9/16/2020,35.370018,35.398483,34.838711,34.895638,33.531612,22208412
PFE,9/17/2020,34.895638,35.075901,34.677418,34.933586,33.568077,17894390
PFE,9/18/2020,34.895638,35.170776,34.696396,34.753323,33.394859,31694623
PFE,9/21/2020,34.506641,34.611008,33.567364,34.174572,32.838734,26608968
PFE,9/22/2020,33.97533,34.468693,33.908916,34.392788,33.048416,22727297
PFE,9/23/2020,34.478176,34.516129,34.127136,34.155598,32.820499,23102521
PFE,9/24/2020,34.108158,34.193546,33.719166,33.927895,32.6017,20859925
PFE,9/25/2020,33.719166,34.297913,33.700191,34.203037,32.866085,14365598
PFE,9/28/2020,34.3074,34.705883,34.3074,34.525616,33.176052,15044269
PFE,9/29/2020,34.563568,34.667931,34.184059,34.316887,32.975483,13512491
PFE,9/30/2020,34.411766,35.066414,34.392788,34.819733,33.458672,22629275
PFE,10/1/2020,35.018974,35.189754,34.3074,34.506641,33.157818,22520396
PFE,10/2/2020,34.212524,34.781784,34.184059,34.516129,33.166935,21461759
PFE,10/5/2020,34.658443,34.990513,34.478176,34.867172,33.504257,19400029
PFE,10/6/2020,35.104362,35.132828,34.240986,34.316887,32.975483,25233392
PFE,10/7/2020,34.402279,34.71537,34.184059,34.601517,33.248989,22160034
PFE,10/8/2020,34.724857,35.275143,34.639469,35,33.631897,17857395
PFE,10/9/2020,34.943073,35.218216,34.71537,34.905125,33.540726,23667465
PFE,10/12/2020,34.819733,35.275143,34.601517,34.933586,33.568077,19413837
PFE,10/13/2020,34.791271,35.227703,34.753323,35.009487,33.64101,21543233
PFE,10/14/2020,35.113853,35.388992,34.696396,34.971539,33.604542,22120298
PFE,10/15/2020,34.753323,34.857685,34.544594,34.677418,33.321922,16089205
PFE,10/16/2020,35.170776,36.166985,35.123341,36.005692,34.598278,42993503
PFE,10/19/2020,36.451614,36.859585,35.711575,35.863377,34.461521,31931352
PFE,10/20/2020,35.92979,35.948769,35.436432,35.56926,34.178902,22384852
PFE,10/21/2020,35.436432,35.531307,35.161289,35.180267,33.805111,18984859
PFE,10/22/2020,35.180267,35.645161,35.132828,35.512333,34.124199,19243616
PFE,10/23/2020,35.986717,36.318787,35.721062,36.223907,34.807961,30557884
PFE,10/26/2020,35.92979,36.072105,35.559772,35.97723,34.570923,33783124
PFE,10/27/2020,35.142315,36.166985,34.981026,35.512333,34.124199,36851529
PFE,10/28/2020,34.914612,35.227703,33.510437,33.633778,32.319077,33857537
PFE,10/29/2020,33.662239,33.814041,32.827324,33.472485,32.164085,27545341
PFE,10/30/2020,33.434536,33.709679,33.055027,33.662239,32.346424,25631067
PFE,11/2/2020,34.089184,34.392788,33.719166,34.373814,33.030182,21430666
PFE,11/3/2020,34.563568,34.743832,34.231499,34.335861,32.993713,21636617
PFE,11/4/2020,35.161289,36.166985,35.066414,35.417458,34.033035,40870536
PFE,11/5/2020,35.341557,35.388992,34.525616,34.525616,33.517242,33926995
PFE,11/6/2020,34.525616,34.838711,34.240986,34.535103,33.526447,23870676
PFE,11/9/2020,39.71537,39.838711,36.413662,37.19165,36.105412,230153864
PFE,11/10/2020,38.377609,38.462997,36.489563,36.698292,35.626461,80091668
PFE,11/11/2020,36.888046,38.140415,35.958256,36.527515,35.46067,58980997
PFE,11/12/2020,36.318787,36.375713,35.332069,35.626186,34.585667,46767877
PFE,11/13/2020,35.92979,36.679317,35.777988,36.641365,35.571194,40175634
PFE,11/16/2020,35.920303,36.005692,34.962048,35.417458,34.383038,75530167
PFE,11/17/2020,36.490002,36.5,35.82,36.040001,34.987396,46984500
PFE,11/18/2020,36.93,37.419998,36.299999,36.32,35.259216,63442700
PFE,11/19/2020,36.599998,36.630001,35.860001,36.189999,35.133011,43261800
PFE,11/20/2020,36.700001,37.310001,36.439999,36.700001,35.628117,60633800
PFE,11/23/2020,37.029999,37.09,36.209999,36.52,35.453377,43673100
PFE,11/24/2020,36.130001,36.740002,36.02,36.599998,35.531036,42485300
PFE,11/25/2020,36.529999,36.560001,36.240002,36.529999,35.463081,26955800
PFE,11/27/2020,36.779999,37.259998,36.75,37.23,36.142639,25277000
PFE,11/30/2020,37.950001,38.799999,37.599998,38.310001,37.191097,65425900
PFE,12/1/2020,39.400002,40.5,39.009998,39.41,38.258968,72499700
PFE,12/2/2020,40.470001,41.41,40.299999,40.799999,39.608368,84347500
PFE,12/3/2020,40.98,41.029999,39.52,40.09,38.919109,68570100
PFE,12/4/2020,39.889999,40.450001,39.889999,40.34,39.161808,35368100
PFE,12/7/2020,40.66,41.400002,40.369999,41.25,40.045231,48253700
PFE,12/8/2020,41.400002,42.77,41.349998,42.560001,41.316967,87039300
PFE,12/9/2020,43.07,43.080002,41.130001,41.849998,40.627701,86118500
PFE,12/10/2020,41.82,42.220001,41.450001,41.73,40.511208,57749200
PFE,12/11/2020,41.970001,42.07,40.689999,41.119999,39.919025,60737000
PFE,12/14/2020,41.619999,41.66,39.07,39.209999,38.064808,94809700
PFE,12/15/2020,39.060001,39.18,38.209999,38.709999,37.579411,65712800
PFE,12/16/2020,38.18,38.470001,37.740002,37.84,36.734825,56515300
PFE,12/17/2020,37.830002,38.119999,37.310001,38.029999,36.919273,52036400
PFE,12/18/2020,37.990002,38.09,37.5,37.68,36.579494,60259200
PFE,12/21/2020,37.279999,37.400002,36.91,37.380001,36.288261,40891800
PFE,12/22/2020,37.209999,37.330002,36.599998,36.740002,35.66695,33634400
PFE,12/23/2020,37.009998,37.650002,36.880001,37.439999,36.346504,36182000
PFE,12/24/2020,37.400002,37.57,37.18,37.27,36.181473,14790100
PFE,12/28/2020,37.360001,37.580002,36.68,36.82,35.744614,26993700
PFE,12/29/2020,36.900002,37.200001,36.790001,37.049999,35.967896,23152100
PFE,12/30/2020,37.029999,37.240002,36.700001,36.740002,35.66695,24889800
PFE,12/31/2020,36.66,36.919998,36.290001,36.810001,35.734909,30796500
PFE,1/4/2021,36.869999,36.939999,36.27,36.810001,35.734909,33565700
PFE,1/5/2021,36.720001,37.369999,36.599998,37.189999,36.103809,29909400
PFE,1/6/2021,36.830002,37.48,36.77,36.869999,35.793152,34962500
PFE,1/7/2021,37.040001,37.150002,36.669998,37.060001,35.977604,27809500
PFE,1/8/2021,37.16,37.529999,36.900002,37.130001,36.045559,33462400
PFE,1/11/2021,37.220001,37.830002,37.150002,37.77,36.666866,47286900
PFE,1/12/2021,37.700001,37.790001,36.82,37.18,36.094101,47831100
PFE,1/13/2021,37,37.169998,36.639999,36.860001,35.783443,31027900
PFE,1/14/2021,36.779999,36.959999,36.610001,36.75,35.676659,30272000
PFE,1/15/2021,36.68,36.779999,36.400002,36.700001,35.628117,34287800
PFE,1/19/2021,36.759998,37,36.619999,36.73,35.657242,33451300
PFE,1/20/2021,36.790001,36.810001,36.459999,36.5,35.43396,35400100
PFE,1/21/2021,36.389999,36.59,36.150002,36.48,35.414543,33829700
PFE,1/22/2021,36.32,36.830002,36.25,36.549999,35.482502,26271200
PFE,1/25/2021,36.549999,37.290001,36.32,37.279999,36.191177,31728500
PFE,1/26/2021,37.27,37.599998,37.16,37.310001,36.220303,27718700
PFE,1/27/2021,36.990002,37.040001,36.169998,36.240002,35.181557,50561200
PFE,1/28/2021,35.950001,36.330002,35.84,35.860001,35.191372,39466700
PFE,1/29/2021,36.880001,36.880001,35.619999,35.900002,35.230621,60251900
PFE,2/1/2021,35.93,36.189999,35.720001,35.799999,35.132488,40395800
PFE,2/2/2021,35.759998,35.779999,34.27,34.990002,34.337593,84062400
PFE,2/3/2021,34.990002,35.290001,34.779999,34.84,34.190388,38524200
PFE,2/4/2021,34.810001,35.080002,34.700001,34.889999,34.239452,34284900
PFE,2/5/2021,34.919998,35.080002,34.779999,34.919998,34.26889,31749600
PFE,2/8/2021,34.959999,35.009998,34.740002,34.82,34.170761,31633900
PFE,2/9/2021,34.799999,35.060001,34.759998,34.970001,34.317966,30170200
PFE,2/10/2021,35,35.080002,34.700001,34.740002,34.092255,29039900
PFE,2/11/2021,34.799999,34.810001,34.279999,34.43,33.788029,30885200
PFE,2/12/2021,34.439999,34.950001,34.360001,34.720001,34.072624,25578600
PFE,2/16/2021,34.849998,34.860001,34.560001,34.689999,34.043182,28730300
PFE,2/17/2021,34.57,35,34.459999,34.889999,34.239452,26389400
PFE,2/18/2021,34.779999,34.880001,34.52,34.560001,33.915607,24052500
PFE,2/19/2021,34.66,34.68,34.400002,34.439999,33.797844,28145300
PFE,2/22/2021,34.330002,34.369999,34.040001,34.259998,33.621197,34322500
PFE,2/23/2021,34,34.189999,33.68,33.91,33.277729,37624200
PFE,2/24/2021,33.869999,34.049999,33.669998,33.75,33.120708,30686100
PFE,2/25/2021,33.82,34.110001,33.540001,33.82,33.189407,37506100
PFE,2/26/2021,33.84,33.900002,33.360001,33.490002,32.865559,41462800
PFE,3/1/2021,33.59,33.93,33.509998,33.689999,33.061825,30407800
PFE,3/2/2021,33.68,33.889999,33.5,33.509998,32.885185,27670400
PFE,3/3/2021,33.509998,34.450001,33.439999,34.389999,33.748775,46020200
PFE,3/4/2021,34.259998,35.09,33.84,34.200001,33.562317,45449600
PFE,3/5/2021,34.290001,34.549999,33.959999,34.389999,33.748775,30589900
PFE,3/8/2021,34.48,34.869999,34.330002,34.349998,33.709522,24352300
PFE,3/9/2021,34.540001,34.849998,34.439999,34.450001,33.807659,25167100
PFE,3/10/2021,34.639999,35.139999,34.52,34.93,34.278709,33501800
PFE,3/11/2021,35.07,35.119999,34.66,34.709999,34.062809,24557900
PFE,3/12/2021,34.560001,34.98,34.509998,34.939999,34.288521,16342400
PFE,3/15/2021,35.009998,35.43,34.959999,35.41,34.749756,21896100
PFE,3/16/2021,35.470001,35.860001,35.310001,35.830002,35.16193,25022400
PFE,3/17/2021,35.830002,35.959999,35.119999,35.790001,35.122673,42540100
PFE,3/18/2021,35.529999,35.970001,35.52,35.77,35.103046,24729800
PFE,3/19/2021,35.75,35.82,35.470001,35.529999,34.867519,48348900
PFE,3/22/2021,35.48,36.009998,35.360001,36,35.328758,25427500
PFE,3/23/2021,35.82,35.93,35.32,35.360001,34.700691,27970500
PFE,3/24/2021,35.48,35.93,35.369999,35.610001,34.94603,22883400
PFE,3/25/2021,35.650002,35.790001,35.25,35.669998,35.00491,24875300
PFE,3/26/2021,35.68,36.290001,35.639999,36.25,35.574097,27944500
PFE,3/29/2021,36.029999,36.740002,35.900002,36.619999,35.937195,27004800
PFE,3/30/2021,36.59,36.630001,36.02,36.110001,35.436707,26303300
PFE,3/31/2021,36.150002,36.43,36.040001,36.23,35.55447,26582700
PFE,4/1/2021,36.299999,36.450001,36.02,36.299999,35.623161,21319900
PFE,4/5/2021,36.439999,36.57,36.099998,36.279999,35.603535,22096900
PFE,4/6/2021,36.259998,36.400002,36,36.049999,35.377823,20722900
PFE,4/7/2021,36.029999,36.240002,35.759998,35.91,35.240437,21933800
PFE,4/8/2021,35.959999,36.150002,35.869999,35.959999,35.289501,18129400
PFE,4/9/2021,35.900002,36.810001,35.900002,36.599998,35.917568,31686700
PFE,4/12/2021,36.48,37.029999,36.330002,36.970001,36.280674,29944900
PFE,4/13/2021,37.41,37.650002,36.889999,37.16,36.467129,33967400
PFE,4/14/2021,37.169998,37.380001,36.959999,37.169998,36.47694,23842900
PFE,4/15/2021,37.259998,37.740002,37.259998,37.599998,36.898922,24945800
PFE,4/16/2021,37.869999,38.700001,37.810001,38.57,37.850838,52829500
PFE,4/19/2021,38.599998,38.959999,38.330002,38.93,38.204128,30905100
PFE,4/20/2021,38.75,39.240002,38.75,39.029999,38.302261,26459400
PFE,4/21/2021,39.139999,39.669998,39.130001,39.529999,38.792938,29365000
PFE,4/22/2021,39.48,39.5,38.52,38.639999,37.919533,33373600
PFE,4/23/2021,38.630001,38.830002,38.43,38.66,37.939159,24375000
PFE,4/26/2021,38.73,38.740002,38.490002,38.68,37.958786,19773400
PFE,4/27/2021,38.509998,38.610001,38.349998,38.450001,37.733074,19061500
PFE,4/28/2021,38.540001,38.939999,38.52,38.810001,38.086365,21963300
PFE,4/29/2021,38.990002,39,38.310001,38.599998,37.880276,23569400
PFE,4/30/2021,38.5,38.900002,38.490002,38.650002,37.929348,28413200
PFE,5/3/2021,39.040001,39.84,38.959999,39.830002,39.087345,46638600
PFE,5/4/2021,40,40.169998,39.43,39.950001,39.205109,52802200
PFE,5/5/2021,40.18,41.09,38.93,39.970001,39.224735,76627500
PFE,5/6/2021,38.48,39.23,37.959999,39.189999,38.838234,54944900
PFE,5/7/2021,39.049999,39.869999,39.049999,39.580002,39.224735,33807800
PFE,5/10/2021,39.830002,40.279999,39.779999,39.860001,39.502224,30831900
PFE,5/11/2021,39.68,40.07,39.23,39.349998,38.996799,30568600
PFE,5/12/2021,39.439999,39.919998,39.310001,39.689999,39.333748,26208600
PFE,5/13/2021,39.5,40.279999,39.5,40.099998,39.740067,25415000
PFE,5/14/2021,40.240002,40.32,39.919998,40.02,39.660786,18041100
PFE,5/17/2021,40.07,40.400002,40.009998,40.110001,39.749977,18095000
PFE,5/18/2021,40.18,40.349998,39.830002,40.049999,39.690517,15805500
PFE,5/19/2021,39.900002,39.900002,39.43,39.830002,39.472492,20209500
PFE,5/20/2021,39.73,40.25,39.720001,40.119999,39.759888,18621100
PFE,5/21/2021,40.209999,40.599998,39.91,39.950001,39.591415,21144800
PFE,5/24/2021,40.080002,40.139999,39.779999,39.810001,39.452671,16922300
PFE,5/25/2021,39.82,39.860001,39.240002,39.330002,38.976982,25916300
PFE,5/26/2021,39.290001,39.299999,38.779999,38.919998,38.570656,28036500
PFE,5/27/2021,38.970001,39.18,38.599998,38.650002,38.303085,38471200
PFE,5/28/2021,38.75,39.02,38.68,38.73,38.382366,16154100
PFE,6/1/2021,38.939999,39,38.48,38.5,38.15443,23642400
PFE,6/2/2021,38.639999,38.93,38.540001,38.790001,38.441826,19629000
PFE,6/3/2021,38.759998,39.040001,38.630001,38.970001,38.620213,17376300
PFE,6/4/2021,39.049999,39.5,39.02,39.150002,38.798595,19375300
PFE,6/7/2021,39.080002,39.599998,38.970001,38.990002,38.640034,24110700
PFE,6/8/2021,39.07,39.110001,38.48,38.849998,38.501286,18880300
PFE,6/9/2021,39,39.84,38.98,39.810001,39.452671,29824000
PFE,6/10/2021,39.900002,40.720001,39.889999,40.68,40.314861,42613700
PFE,6/11/2021,40.66,40.669998,39.950001,40.150002,39.789619,21386900
PFE,6/14/2021,40.029999,40.07,39.380001,39.630001,39.274288,23408300
PFE,6/15/2021,39.709999,39.84,39.389999,39.59,39.234646,20206900
PFE,6/16/2021,39.619999,39.84,39.279999,39.299999,38.947247,19177500
PFE,6/17/2021,39.27,39.59,39.07,39.48,39.125633,19580100
PFE,6/18/2021,39.299999,39.439999,38.700001,38.810001,38.461647,37775900
PFE,6/21/2021,38.880001,39.48,38.880001,39.419998,39.06617,19488100
PFE,6/22/2021,39.41,39.689999,39.259998,39.610001,39.254467,15975900
PFE,6/23/2021,39.630001,39.66,38.98,39.049999,38.699493,22025400
PFE,6/24/2021,39.139999,39.349998,39.080002,39.189999,38.838234,13436500
PFE,6/25/2021,39.119999,39.41,38.889999,38.98,38.630119,22774300
PFE,6/28/2021,39.009998,39.209999,38.900002,39.119999,38.768864,19225700
PFE,6/29/2021,39.130001,39.279999,38.98,39.099998,38.749043,14516600
PFE,6/30/2021,39.139999,39.27,38.82,39.16,38.808506,21248100
PFE,7/1/2021,39.169998,39.630001,39.110001,39.560001,39.204918,20035900
PFE,7/2/2021,39.459999,39.830002,39.380001,39.73,39.37339,16592700
PFE,7/6/2021,39.48,39.650002,39.040001,39.290001,38.93734,18931900
PFE,7/7/2021,39.220001,39.360001,38.970001,39.349998,38.996799,17665200
PFE,7/8/2021,39,39.32,38.93,39.25,38.897697,23021200
PFE,7/9/2021,39.529999,40.099998,39.459999,39.610001,39.254467,21578700
PFE,7/12/2021,39.66,40.25,39.599998,39.759998,39.403118,24513000
PFE,7/13/2021,39.77,39.799999,39.529999,39.650002,39.294109,12222000
PFE,7/14/2021,39.720001,40.029999,39.66,39.950001,39.591415,15888600
PFE,7/15/2021,39.950001,40.189999,39.860001,40.09,39.730156,20250800
PFE,7/16/2021,40.139999,40.349998,39.93,40.349998,39.987823,24270400
PFE,7/19/2021,40.07,40.349998,39.68,40.150002,39.789619,29818400
PFE,7/20/2021,40.25,41.709999,40.200001,41.049999,40.681541,48804100
PFE,7/21/2021,41.240002,41.240002,40.52,41.02,40.65181,27530200
PFE,7/22/2021,41.119999,41.549999,40.900002,41.470001,41.097771,18913300
PFE,7/23/2021,41.459999,41.830002,41.419998,41.68,41.305885,21609200
PFE,7/26/2021,41.619999,41.939999,41.389999,41.810001,41.434719,23720000
PFE,7/27/2021,41.82,42.200001,41.580002,42.099998,41.722115,32544100
PFE,7/28/2021,42.349998,43.740002,42.25,43.450001,43.060001,53822400
PFE,7/29/2021,43.23,43.299999,42.619999,42.790001,42.790001,29015000
PFE,7/30/2021,42.880001,43.189999,42.689999,42.810001,42.810001,24753900
PFE,8/2/2021,43.299999,44.139999,43.25,43.959999,43.959999,43066900
PFE,8/3/2021,44.169998,45.860001,44.07,45.68,45.68,45643300
PFE,8/4/2021,45.349998,45.799999,45.009998,45.189999,45.189999,43391200
PFE,8/5/2021,45,45.139999,44.700001,45.060001,45.060001,23505400
PFE,8/6/2021,45.09,45.310001,44.630001,45.07,45.07,20396300
PFE,8/9/2021,45.110001,46.029999,45.110001,45.98,45.98,32374300
PFE,8/10/2021,46.200001,48.57,45.889999,48.189999,48.189999,81189400
PFE,8/11/2021,47.779999,48.080002,46.259998,46.310001,46.310001,50878200
PFE,8/12/2021,46.5,47.400002,46.34,47.240002,47.240002,29676400
PFE,8/13/2021,47.41,48.5,47.32,48.48,48.48,35341200
PFE,8/16/2021,48.23,48.970001,47.509998,48.91,48.91,38045800
PFE,8/17/2021,48.779999,50.490002,48.709999,50.419998,50.419998,68817000
PFE,8/18/2021,50.23,51.860001,49.169998,49.310001,49.310001,88598000
PFE,8/19/2021,48.5,49.959999,48.259998,48.799999,48.799999,57741600
PFE,8/20/2021,48.98,49.73,48.66,48.720001,48.720001,34257900
PFE,8/23/2021,50.290001,51.360001,49.599998,49.93,49.93,88652400
PFE,8/24/2021,49.740002,50.049999,48.240002,48.380001,48.380001,52624100
PFE,8/25/2021,48.040001,48.279999,46.93,47.509998,47.509998,51036800
PFE,8/26/2021,47.700001,48.16,47.299999,47.380001,47.380001,29029300
PFE,8/27/2021,47.369999,47.5,46.529999,46.599998,46.599998,32874400
PFE,8/30/2021,46.200001,47.16,46.16,46.759998,46.759998,25774400
PFE,8/31/2021,46.720001,47.139999,45.93,46.07,46.07,34547800
PFE,9/1/2021,46.189999,46.259998,45.419998,46.040001,46.040001,32900100
PFE,9/2/2021,46.48,46.869999,46.130001,46.84,46.84,26106300
PFE,9/3/2021,46.900002,47.029999,46.34,46.84,46.84,20817200
PFE,9/7/2021,46.990002,47.5,46.540001,46.75,46.75,26236900
PFE,9/8/2021,46.509998,46.790001,46.25,46.509998,46.509998,15839600
PFE,9/9/2021,46.470001,46.720001,45.849998,46.029999,46.029999,21695300
PFE,9/10/2021,46.27,46.349998,45.509998,45.59,45.59,20783700
PFE,9/13/2021,45.740002,45.830002,44.200001,44.580002,44.580002,37086200
PFE,9/14/2021,44.669998,45.259998,44.549999,44.709999,44.709999,24100200
PFE,9/15/2021,44.560001,45.369999,44.470001,44.77,44.77,28674600
PFE,9/16/2021,44.880001,44.990002,44.029999,44.470001,44.470001,22424200
PFE,9/17/2021,44.169998,44.459999,43.310001,43.889999,43.889999,56370500
PFE,9/20/2021,43.389999,44.650002,43.389999,44.200001,44.200001,41873000
PFE,9/21/2021,44.25,44.73,43.849998,43.919998,43.919998,23645600
PFE,9/22/2021,43.990002,44.389999,43.830002,43.950001,43.950001,22616700
PFE,9/23/2021,44.279999,44.720001,44.150002,44.189999,44.189999,19719200
PFE,9/24/2021,44.07,44.41,43.810001,43.939999,43.939999,16150700
PFE,9/27/2021,43.919998,44.130001,43.509998,43.57,43.57,19955900
PFE,9/28/2021,43.07,43.279999,42.43,43.040001,43.040001,28512200
PFE,9/29/2021,43.220001,43.689999,43.080002,43.529999,43.529999,18037200
PFE,9/30/2021,43.790001,44.049999,42.970001,43.009998,43.009998,21103300
PFE,10/1/2021,42.52,43.099998,41.700001,42.93,42.93,38483000
PFE,10/4/2021,42.93,43.349998,42.209999,42.419998,42.419998,28906500
PFE,10/5/2021,42.529999,42.790001,42.279999,42.32,42.32,19342600
PFE,10/6/2021,42.060001,42.200001,41.689999,42.02,42.02,30483800
PFE,10/7/2021,42.52,42.959999,42.209999,42.740002,42.740002,19778300
PFE,10/8/2021,42.73,42.91,42.34,42.450001,42.450001,12770200
PFE,10/11/2021,42.450001,42.619999,42.009998,42.060001,42.060001,11984200
PFE,10/12/2021,42.16,42.209999,41.66,41.849998,41.849998,16222300
PFE,10/13/2021,41.75,41.91,40.939999,41.419998,41.419998,28205700
PFE,10/14/2021,41.560001,41.959999,41.52,41.669998,41.669998,17590300
PFE,10/15/2021,41.900002,42.029999,41.380001,41.490002,41.490002,23530800
PFE,10/18/2021,41.450001,41.700001,41.040001,41.32,41.32,21733000
PFE,10/19/2021,41.599998,42.200001,41.540001,42.09,42.09,17159800
PFE,10/20/2021,42.119999,43.110001,42.099998,42.799999,42.799999,22788300
PFE,10/21/2021,43.060001,43.09,42.43,42.860001,42.860001,22123400
